epoch,D_loss,G_loss
1,0.5500943788460323,5.898562499455044
2,0.4172984872545515,8.736817768641881
3,0.24127043783664703,7.688981294631958
